cliente,eta,neo_patentato,nr_figli,reddito_mensile_netto,altre_spese,diff_reddito,sesso,zona,tipologia_auto,nuovo_usato,costo_auto,eta_veicolo,oneri_accessori,anticipo,tan,formula_acquisto_preferita,nr_rate,capitale_finanziato,rata_calcolata,sostenibilita,coefficiente_K,azione_correttiva,formula_AI_decision
1,20,1,0,1400,100.25,1299.75,0,0,0,1,12000,3,120.0,0.0,0.035,2,60,12000.0,218.30093964307596,0.167956098975246,1.0,Ottimale,Finanziamento
2,18,1,0,1560,348.98,1211.02,1,0,0,1,9650,6,96.5,0.0,0.035,2,24,9650.0,416.9062686099233,0.34426043220584573,1.72,"Non sostenibile, rivedere piano",Non concedibile
3,52,0,2,2500,500.0,2000.0,0,1,4,0,25670,0,256.7,0.25,0.035,0,0,25605.825,,,,Dati insufficienti,Finanziamento
4,30,0,1,1200,67.9,1132.1,1,2,3,0,22000,0,220.0,0.25,0.035,2,36,21945.0,643.0341396070551,0.5680011832939273,2.84,Non concedibile,Non concedibile
5,33,0,1,1400,289.0,1111.0,1,3,0,1,15000,4,150.0,0.0,0.035,2,36,15000.0,439.5311959036603,0.395617638077102,1.98,Non concedibile,Non concedibile
6,44,0,0,2000,1200.0,800.0,1,3,1,1,23570,3,235.7,0.0,0.05,1,36,23570.0,706.4140447569674,0.8830175559462092,4.42,Non concedibile,Non concedibile
7,70,0,3,1800,150.45,1649.55,1,2,0,0,25000,0,250.0,0.4,0.035,2,36,24900.0,729.6217852000761,0.4423156528750727,2.21,Non concedibile,Non concedibile
8,25,0,1,1000,100.0,900.0,1,2,0,1,12650,4,126.5,0.0,0.035,2,60,12650.0,230.12557387374255,0.25569508208193614,1.28,Aumentare anticipo 10% o +12 rate,Finanziamento
9,62,0,4,1200,600.56,599.44,0,1,0,1,8000,5,80.0,0.0,0.035,2,60,8000.0,145.53395976205064,0.2427831972541883,1.21,Aumentare anticipo 10% o +12 rate,Finanziamento
10,19,1,0,3250,250.0,3000.0,1,1,0,1,6500,6,65.0,0.0,0.035,2,60,6500.0,118.24634230666614,0.039415447435555376,1.0,Ottimale,Bonifico
11,18,1,0,1900,800.0,1100.0,1,1,0,1,5500,10,55.0,0.0,0.035,2,60,5500.0,100.05459733640981,0.09095872485128165,1.0,Ottimale,Finanziamento
12,67,0,0,1900,800.0,1100.0,0,1,4,0,35000,0,350.0,0.25,0.035,2,36,34912.5,1023.0088584657694,0.9300080531506995,4.65,Non concedibile,Non concedibile
13,65,0,1,1600,234.0,1366.0,0,1,4,0,29000,0,290.0,0.25,0.035,2,36,28927.5,847.6359113002089,0.6205240931919538,3.1,Non concedibile,Non concedibile
14,71,0,1,1350,130.0,1220.0,0,0,4,0,26500,0,265.0,0.25,0.035,2,36,26433.75,774.5638499812254,0.6348884016239552,3.17,Non concedibile,Non concedibile
15,30,0,0,1350,100.0,1250.0,0,0,1,0,10250,0,102.5,0.25,0.05,1,36,10224.375,306.43369108451503,0.24514695286761204,1.23,Aumentare anticipo 10% o +12 rate,Fin3Anni
16,26,0,0,1200,128.0,1072.0,0,2,1,0,6780,0,67.8,0.25,0.05,1,36,6763.05,202.69467566370847,0.18908085416390716,1.0,Ottimale,Finanziamento
17,44,0,1,3500,1000.0,2500.0,1,2,1,1,16000,7,160.0,0.0,0.05,0,0,16000.0,,,,Dati insufficienti,Finanziamento
18,43,0,0,4000,1250.0,2750.0,1,2,1,1,18900,6,189.0,0.0,0.05,0,0,18900.0,,,,Dati insufficienti,Finanziamento
19,39,0,0,1950,547.98,1402.02,0,3,1,1,17600,9,176.0,0.0,0.05,1,48,17600.0,405.3155668433799,0.2890939978341107,1.45,Aumentare anticipo 20% o +24 rate,Finanziamento
