cliente,eta,neo_patentato,nr_figli,reddito_mensile_netto,altre_spese,diff_reddito,sesso,zona,tipologia_auto,nuovo_usato,costo_auto,eta_veicolo,oneri_accessori,anticipo,tan,formula_acquisto_preferita,nr_rate
1,20,1,0,1400,100.25,1299.75,0,0,0,1,12000,3,120,0,35,2,60
2,18,1,0,1560,348.98,1211.02,1,0,0,1,9650,6,96.5,0,35,2,24
3,52,0,2,2500,500,2000,0,1,4,0,25670,0,256.7,0.25,35,0,0
4,30,0,1,1200,67.9,1132.1,1,2,3,0,22000,0,220,0.25,35,2,36
5,33,0,1,1400,289,1111,1,3,0,1,15000,4,150,0,35,2,36
6,44,0,0,2000,1200,800,1,3,1,1,23570,3,235.7,0,0.05,1,36
7,70,0,3,1800,150.45,1649.55,1,2,0,0,25000,0,250,0.4,35,2,36
8,25,0,1,1000,100,900,1,2,0,1,12650,4,126.5,0,35,2,60
9,62,0,4,1200,600.56,599.44,0,1,0,1,8000,5,80,0,35,2,60
10,19,1,0,3250,250,3000,1,1,0,1,6500,6,65,0,35,2,60
11,18,1,0,1900,800,1100,1,1,0,1,5500,10,55,0,35,2,60
12,67,0,0,1900,800,1100,0,1,4,0,35000,0,350,0.25,35,2,36
13,65,0,1,1600,234,1366,0,1,4,0,29000,0,290,0.25,35,2,36
14,71,0,1,1350,130,1220,0,0,4,0,26500,0,265,0.25,35,2,36
15,30,0,0,1350,100,1250,0,0,1,0,10250,0,102.5,0.25,0.05,1,36
16,26,0,0,1200,128,1072,0,2,1,0,6780,0,67.8,0.25,0.05,1,36
17,44,0,1,3500,1000,2500,1,2,1,1,16000,7,160,0,0.05,0,0
18,43,0,0,4000,1250,2750,1,2,1,1,18900,6,189,0,0.05,0,0
19,39,0,0,1950,547.98,1402.02,0,3,1,1,17600,9,176,0,0.05,1,48
